{"cameraMode":{"drawMode":0,"name":"Shaded","section":"Shading Mode"},"sceneLighting":true,"audioPlay":false,"sceneViewState":{"m_AlwaysRefresh":false,"showFog":true,"showSkybox":true,"showFlares":true,"showImageEffects":true,"showParticleSystems":true,"showVisualEffectGraphs":true,"m_FxEnabled":true},"in2DMode":false,"pivot":{"x":-34.208290100097659,"y":45.79768371582031,"z":58.14393615722656},"rotation":{"x":0.6166493892669678,"y":0.005903910845518112,"z":-0.0046251737512648109,"w":0.787204384803772},"size":40.199771881103519,"orthographic":true}