{"cameraMode":{"drawMode":0,"name":"Shaded","section":"Shading Mode"},"sceneLighting":true,"audioPlay":false,"sceneViewState":{"m_AlwaysRefresh":false,"showFog":true,"showSkybox":true,"showFlares":true,"showImageEffects":true,"showParticleSystems":true,"showVisualEffectGraphs":true,"m_FxEnabled":true},"in2DMode":false,"pivot":{"x":-19.120296478271486,"y":32.908477783203128,"z":-42.7568244934082},"rotation":{"x":0.18061690032482148,"y":-0.04538890719413757,"z":0.008376255631446839,"w":0.9825320839881897},"size":10.768233299255371,"orthographic":true}