{"cameraMode":{"drawMode":0,"name":"Shaded","section":"Shading Mode"},"sceneLighting":true,"audioPlay":false,"sceneViewState":{"m_AlwaysRefresh":false,"showFog":true,"showSkybox":true,"showFlares":true,"showImageEffects":true,"showParticleSystems":true,"showVisualEffectGraphs":true,"m_FxEnabled":true},"in2DMode":false,"pivot":{"x":1.4901161193847657e-8,"y":0.13848841190338136,"z":-0.009974628686904908},"rotation":{"x":-0.5605211853981018,"y":-0.0005337718757800758,"z":0.0013912484282627702,"w":-0.8283402323722839},"size":0.6881819367408752,"orthographic":true}