{"cameraMode":{"drawMode":0,"name":"Shaded","section":"Shading Mode"},"sceneLighting":true,"audioPlay":false,"sceneViewState":{"m_AlwaysRefresh":false,"showFog":true,"showSkybox":true,"showFlares":true,"showImageEffects":true,"showParticleSystems":true,"showVisualEffectGraphs":true,"m_FxEnabled":true},"in2DMode":false,"pivot":{"x":3.032158613204956,"y":0.48155272006988528,"z":-1.1108577251434327},"rotation":{"x":-0.22032174468040467,"y":-0.0374484658241272,"z":0.008468310348689556,"w":-0.9746820330619812},"size":1.7674905061721802,"orthographic":false}