{"cameraMode":{"drawMode":0,"name":"Shaded","section":"Shading Mode"},"sceneLighting":true,"audioPlay":false,"sceneViewState":{"m_AlwaysRefresh":false,"showFog":true,"showSkybox":true,"showFlares":true,"showImageEffects":true,"showParticleSystems":true,"showVisualEffectGraphs":true,"m_FxEnabled":true},"in2DMode":false,"pivot":{"x":-2.4719200134277345,"y":16.23879623413086,"z":42.23692321777344},"rotation":{"x":0.15916980803012849,"y":-0.8266398310661316,"z":0.28811773657798769,"w":0.45654556155204775},"size":22.093128204345704,"orthographic":true}