{"cameraMode":{"drawMode":0,"name":"Shaded","section":"Shading Mode"},"sceneLighting":true,"audioPlay":false,"sceneViewState":{"m_AlwaysRefresh":false,"showFog":true,"showSkybox":true,"showFlares":true,"showImageEffects":true,"showParticleSystems":true,"showVisualEffectGraphs":true,"m_FxEnabled":true},"in2DMode":false,"pivot":{"x":7.644190311431885,"y":4.561952114105225,"z":2.035407304763794},"rotation":{"x":0.33903515338897707,"y":0.008462732657790184,"z":-0.003059275448322296,"w":0.9407490491867065},"size":7.27433443069458,"orthographic":true}