{"cameraMode":{"drawMode":0,"name":"Shaded","section":"Shading Mode"},"sceneLighting":true,"audioPlay":false,"sceneViewState":{"m_AlwaysRefresh":false,"showFog":true,"showSkybox":true,"showFlares":true,"showImageEffects":true,"showParticleSystems":true,"showVisualEffectGraphs":true,"m_FxEnabled":true},"in2DMode":false,"pivot":{"x":-0.6166059970855713,"y":1.976220965385437,"z":-1.1920928955078126e-7},"rotation":{"x":-0.055747270584106448,"y":-0.9136876463890076,"z":0.13417252898216248,"w":-0.37971919775009158},"size":5.312474250793457,"orthographic":true}