{"cameraMode":{"drawMode":0,"name":"Shaded","section":"Shading Mode"},"sceneLighting":true,"audioPlay":false,"sceneViewState":{"m_AlwaysRefresh":false,"showFog":true,"showSkybox":true,"showFlares":true,"showImageEffects":true,"showParticleSystems":true,"showVisualEffectGraphs":true,"m_FxEnabled":true},"in2DMode":false,"pivot":{"x":-2.5264909267425539,"y":4.663149833679199,"z":25.909095764160158},"rotation":{"x":-0.08878233283758164,"y":-0.1550402194261551,"z":0.013994784094393254,"w":-0.9838186502456665},"size":11.919942855834961,"orthographic":false}