{"cameraMode":{"drawMode":0,"name":"Shaded","section":"Shading Mode"},"sceneLighting":true,"audioPlay":false,"sceneViewState":{"m_AlwaysRefresh":false,"showFog":true,"showSkybox":true,"showFlares":true,"showImageEffects":true,"showParticleSystems":true,"showVisualEffectGraphs":true,"m_FxEnabled":true},"in2DMode":false,"pivot":{"x":18.364274978637697,"y":15.432653427124024,"z":-2.375507354736328},"rotation":{"x":0.45593732595443728,"y":0.01213287003338337,"z":-0.00661207502707839,"w":0.890068769454956},"size":11.689949035644532,"orthographic":true}