{"cameraMode":{"drawMode":0,"name":"Shaded","section":"Shading Mode"},"sceneLighting":true,"audioPlay":false,"sceneViewState":{"m_AlwaysRefresh":false,"showFog":true,"showSkybox":true,"showFlares":true,"showImageEffects":true,"showParticleSystems":true,"showVisualEffectGraphs":true,"m_FxEnabled":true},"in2DMode":false,"pivot":{"x":-11.992889404296875,"y":4.063623428344727,"z":15.107767105102539},"rotation":{"x":0.150442972779274,"y":0.15794269740581513,"z":-0.02437375858426094,"w":0.9756254553794861},"size":10.912341117858887,"orthographic":true}