{"cameraMode":{"drawMode":0,"name":"Shaded","section":"Shading Mode"},"sceneLighting":false,"audioPlay":false,"sceneViewState":{"m_AlwaysRefresh":false,"showFog":true,"showSkybox":false,"showFlares":true,"showImageEffects":true,"showParticleSystems":true,"showVisualEffectGraphs":true,"m_FxEnabled":true},"in2DMode":false,"pivot":{"x":1.4901161193847657e-8,"y":0.13848841190338136,"z":-0.009974628686904908},"rotation":{"x":0.6415960788726807,"y":0.008993004448711872,"z":-0.007507940288633108,"w":0.7670072317123413},"size":0.38832154870033266,"orthographic":true}