{"cameraMode":{"drawMode":0,"name":"Shaded","section":"Shading Mode"},"sceneLighting":false,"audioPlay":false,"sceneViewState":{"m_AlwaysRefresh":false,"showFog":true,"showSkybox":false,"showFlares":true,"showImageEffects":true,"showParticleSystems":true,"showVisualEffectGraphs":true,"m_FxEnabled":true},"in2DMode":false,"pivot":{"x":-0.28657156229019167,"y":2.7437052726745607,"z":-1.1920928955078126e-7},"rotation":{"x":-0.055747270584106448,"y":-0.9136876463890076,"z":0.13417252898216248,"w":-0.37971919775009158},"size":3.651339054107666,"orthographic":true}