{"cameraMode":{"drawMode":0,"name":"Shaded","section":"Shading Mode"},"sceneLighting":false,"audioPlay":false,"sceneViewState":{"m_AlwaysRefresh":false,"showFog":false,"showSkybox":false,"showFlares":false,"showImageEffects":false,"showParticleSystems":false,"showVisualEffectGraphs":true,"m_FxEnabled":true},"in2DMode":false,"pivot":{"x":-0.00043845176696777344,"y":0.8642925024032593,"z":0.07685691118240357},"rotation":{"x":0.012757903896272183,"y":0.9869140982627869,"z":-0.109456866979599,"w":0.11903440207242966},"size":1.4037976264953614,"orthographic":true}