{"cameraMode":{"drawMode":0,"name":"Shaded","section":"Shading Mode"},"sceneLighting":false,"audioPlay":false,"sceneViewState":{"m_AlwaysRefresh":false,"showFog":true,"showSkybox":false,"showFlares":true,"showImageEffects":true,"showParticleSystems":true,"showVisualEffectGraphs":true,"m_FxEnabled":true},"in2DMode":false,"pivot":{"x":-0.5527074337005615,"y":1.976220965385437,"z":-1.1920928955078126e-7},"rotation":{"x":0.09648366272449494,"y":0.5712649822235107,"z":-0.06781087070703507,"w":0.8122944235801697},"size":3.7096967697143556,"orthographic":true}