{"cameraMode":{"drawMode":0,"name":"Shaded","section":"Shading Mode"},"sceneLighting":false,"audioPlay":false,"sceneViewState":{"m_AlwaysRefresh":false,"showFog":true,"showSkybox":false,"showFlares":true,"showImageEffects":true,"showParticleSystems":true,"showVisualEffectGraphs":true,"m_FxEnabled":true},"in2DMode":false,"pivot":{"x":0.7927498817443848,"y":-0.11371955275535584,"z":0.647424578666687},"rotation":{"x":-0.003386534284800291,"y":-0.9777230620384216,"z":0.20931217074394227,"w":-0.015845857560634614},"size":0.8057378530502319,"orthographic":true}